kernel,n,bindir,instructions,cycles,cache-references,cache-misses
dot,64,bin/O0,2870724,1866181,77217,22000
dot,256,bin/O0,3015727,2001445,75527,20492
dot,1024,bin/O0,3718163,2239741,72213,20151
dot,2048,bin/O0,4613952,2713458,67558,21556
matmul_ijk,64,bin/O0,45831716,15536733,488536,219233
matmul_ijk,256,bin/O0,2578461581,781750570,35670993,17079245
matmul_ijk,1024,bin/O0,162008934351,49599069056,2996083979,1083224382
matmul_ijk,2048,bin/O0,1292272543530,396695189632,25417233544,8860253003
matmul_ikj,64,bin/O0,33445417,11891794,98056,22583
matmul_ikj,256,bin/O0,1776300881,541471210,4358037,95152
matmul_ikj,1024,bin/O0,110519657716,33102837915,286868627,3673510
matmul_ikj,2048,bin/O0,880156969223,262289630675,2526507543,40933586
matmul_jki,64,bin/O0,33445441,11871372,958199,428024
matmul_jki,256,bin/O0,1776300738,557475812,68841454,34298751
matmul_jki,1024,bin/O0,110519658940,41313514132,4738577639,2177366922
matmul_jki,2048,bin/O0,880156969498,296643102945,50399856440,18958761306
matvec_col,64,bin/O0,5011940,3369230,89329,26334
matvec_col,256,bin/O0,37542308,17124239,242247,92218
matvec_col,1024,bin/O0,557008577,247292374,3205353,1098367
matvec_col,2048,bin/O0,2218597119,977158679,14868752,4405411
matvec_row,64,bin/O0,4835680,2627477,79381,22149
matvec_row,256,bin/O0,34723754,16681195,121392,21419
matvec_row,1024,bin/O0,511917895,236448752,953093,39548
matvec_row,2048,bin/O0,2038237763,940528776,3638048,84278
dot,64,bin/O2,2729190,2590209,74405,19893
dot,256,bin/O2,2752757,2019418,74400,20336
dot,1024,bin/O2,2910857,1890238,77166,22080
dot,2048,bin/O2,3100454,2096003,76056,19737
matmul_ijk,64,bin/O2,5368449,3354347,148957,20165
matmul_ijk,256,bin/O2,133168306,145988489,44080861,5969134
matmul_ijk,1024,bin/O2,7726880815,22720771132,2531629832,881510311
matmul_ijk,2048,bin/O2,60964252993,437113901680,38100372142,19602682500
matmul_ikj,64,bin/O2,4615057,3455749,98575,24703
matmul_ikj,256,bin/O2,83362309,18860759,3788265,90201
matmul_ikj,1024,bin/O2,4514043125,867957212,287412351,2799016
matmul_ikj,2048,bin/O2,35227871005,14318549180,2900837872,22126043
matmul_jki,64,bin/O2,5900920,3831293,230186,36513
matmul_jki,256,bin/O2,166853886,496153153,78269814,8649832
matmul_jki,1024,bin/O2,9876471681,54196021102,9582089849,2385458417
matmul_jki,2048,bin/O2,78152615349,799541136040,135228110634,56990799509
matvec_col,64,bin/O2,3136579,2613663,83975,23212
matvec_col,256,bin/O2,9324370,4992571,240228,40428
matvec_col,1024,bin/O2,108163536,65105175,3027399,1095894
matvec_col,2048,bin/O2,424317887,357151031,19441471,9011403
matvec_row,64,bin/O2,3128406,2125216,82676,25218
matvec_row,256,bin/O2,9193364,4374628,119027,22009
matvec_row,1024,bin/O2,106066876,44357955,891020,28676
matvec_row,2048,bin/O2,415930408,163106662,2806424,56103
dot,64,bin/O3native,2714952,2078720,77077,22395
dot,256,bin/O3native,2735810,2000226,74700,19553
dot,1024,bin/O3native,2843158,2068635,78447,22812
dot,2048,bin/O3native,2978208,2113500,77729,20703
matmul_ijk,64,bin/O3native,4617615,3580579,205955,30775
matmul_ijk,256,bin/O3native,96156551,154634688,43905948,5570819
matmul_ijk,1024,bin/O3native,5524256563,24215655681,2515294402,917074879
matmul_ijk,2048,bin/O3native,43563779235,471831639993,39952999638,20843256088
matmul_ikj,64,bin/O3native,3538805,2245958,90583,20240
matmul_ikj,256,bin/O3native,26973138,14306235,4484140,535914
matmul_ikj,1024,bin/O3native,1095349368,615923627,339506591,9995685
matmul_ikj,2048,bin/O3native,8131260705,8185216683,3072583283,60670808
matmul_jki,64,bin/O3native,4499786,3041282,185380,21042
matmul_jki,256,bin/O3native,87968377,256699915,38891801,4469566
matmul_jki,1024,bin/O3native,4990544814,27778082724,5048460860,1240509608
matmul_jki,2048,bin/O3native,39281411602,430405775486,79170982042,38580048209
matvec_col,64,bin/O3native,2988470,2678809,92542,21434
matvec_col,256,bin/O3native,7144379,4143113,162320,33942
matvec_col,1024,bin/O3native,73478234,45901820,1782809,590767
matvec_col,2048,bin/O3native,285643793,258177920,11036876,5165476
matvec_row,64,bin/O3native,2993112,2297699,76275,19198
matvec_row,256,bin/O3native,7218371,3831942,118435,20527
matvec_row,1024,bin/O3native,74659107,37578494,897537,31861
matvec_row,2048,bin/O3native,290365040,140781897,3049683,42047
dot,64,bin/O3fast,2714604,2049643,73433,19294
dot,256,bin/O3fast,2734258,2083875,69535,23741
dot,1024,bin/O3fast,2836823,2221895,78188,21322
dot,2048,bin/O3fast,2965520,1896002,77167,21007
matmul_ijk,64,bin/O3fast,4037046,2415635,112069,19242
matmul_ijk,256,bin/O3fast,58555150,168919048,44285942,4720339
matmul_ijk,1024,bin/O3fast,3110689372,24752553639,2586827384,968358188
matmul_ijk,2048,bin/O3fast,24245856266,456993620641,37456585543,19138885271
matmul_ikj,64,bin/O3fast,3519301,2130154,91849,20154
matmul_ikj,256,bin/O3fast,26661321,13684282,4401428,451722
matmul_ikj,1024,bin/O3fast,1090360872,610444726,342659987,10085363
matmul_ikj,2048,bin/O3fast,8111309056,7902277016,3077566987,66950802
matmul_jki,64,bin/O3fast,4601315,2903627,191432,24276
matmul_jki,256,bin/O3fast,95882029,251211780,39037582,4561044
matmul_jki,1024,bin/O3fast,5519809999,25943911913,4748043276,1180997151
matmul_jki,2048,bin/O3fast,43545949980,371247660822,64079796750,28077284249
matvec_col,64,bin/O3fast,2980089,1930466,76590,19936
matvec_col,256,bin/O3fast,7012290,4007467,164589,35414
matvec_col,1024,bin/O3fast,71374428,45997278,1812486,589579
matvec_col,2048,bin/O3fast,277235231,248760866,11281777,5075178
matvec_row,64,bin/O3fast,2976533,2487620,75645,19246
matvec_row,256,bin/O3fast,6942676,4627155,123101,24083
matvec_row,1024,bin/O3fast,70210854,35390984,912961,33521
matvec_row,2048,bin/O3fast,272549100,133408139,2929811,59852
